{"cameraMode":{"drawMode":0,"name":"Shaded","section":"Shading Mode"},"sceneLighting":true,"audioPlay":false,"sceneViewState":{"showFog":true,"showMaterialUpdate":false,"showSkybox":true,"showFlares":true,"showImageEffects":true,"showParticleSystems":true},"in2DMode":false,"pivot":{"x":0.17614763975143434,"y":-0.3004273474216461,"z":-0.030256768688559533},"rotation":{"x":-0.16837982833385468,"y":0.7270558476448059,"z":-0.19209714233875276,"w":-0.6372901797294617},"size":2.4073948860168459,"orthographic":false}